NAME,PHONE,WEBSITE,CITY/STATE,RATING,REVIEWS
LA Holiday Lights,(424) 256-5695,http://www.laholidaylights.com/,"Los Angeles, CA",4.7,26
The Lighter Side Event Lighting & Holiday Lighting,(310) 338-8000,http://www.specialeventlighting.com/,"Los Angeles, CA",4.8,21
Holiday Lighting Los Angeles - A Holiday Lighting Company,(310) 338-8000,https://holidaylightinglosangeles.com/,"Los Angeles, CA",0,0
Brite Nites | Holiday & Outdoor Lighting,(213) 816-7348,http://britenites.com/,"Los Angeles, CA",5,90
The Holiday House,(310) 745-2788,http://marvistaeggcompany.com/,"Los Angeles, CA",4.8,32
Lights Up Today,(310) 356-9577,http://www.lightsuptoday.com/,"Los Angeles, CA",5,28
LA Christmas Light Installers,(310) 916-6069,http://www.lachristmaslightinstallers.com/,"Los Angeles, CA",4.4,12
Elegant Outdoor Lights,(310) 499-8814,http://www.elegantoutdoorlights.com/,"Los Angeles, CA",5,9
Holiday Road,(844) 868-0476,https://holidayroadusa.com/,"Los Angeles, CA",3.8,37
Yolanda Lights Holiday Christmas Light Display,(818) 455-6803,N/A,"Los Angeles, CA",4.7,38
Hang Ten Holiday Lights,(626) 314-6099,https://hangtenholidaylights.com/,"Los Angeles, CA",4.8,55
Imagine Lighting Company,(310) 940-0731,http://www.imagine-lighting.com/,"Los Angeles, CA",5,2
"Public Art ""Urban Light""",(323) 857-6000,https://collections.lacma.org/node/214966,"Los Angeles, CA",4.6,10973
Outdoor Christmas light hanging,(562) 242-8953,N/A,"Los Angeles, CA",5,23
Holiday Light Installations - Lighting Service,(562) 850-3235,http://www.holidaylightinstallationsco.com/?utm_source=Google&utm_medium=GMB&utm_campaign=GoogleMyBusiness,"Los Angeles, CA",5,14
The Christmas Light Guys,(818) 347-0007,http://www.christmaslightguys.com/contact.html,"Los Angeles, CA",4,4
Lamps Expo,(323) 938-6026,https://www.lampsexpo.com/,"Los Angeles, CA",4.3,35
Light Up Your Holidays,(312) 728-8499,https://lightupyourholidays.com/?utm_source=google&utm_medium=organic&utm_campaign=gbp,"Chicago, IL",4.9,156
Light Up Your Holidays,(312) 883-1561,http://www.lightupyourholidays.com/,"Chicago, IL",5,1
American Holiday Lights,(630) 769-9999,https://americanholidaylights.com/,"Chicago, IL",4.5,52
Holiday Bright Lights,(312) 226-8281,https://www.holidaybrightlights.com/,"Chicago, IL",5,1
Northern Holiday Lighting,(847) 242-1386,https://www.chicagolandholidaylighting.com/,"Chicago, IL",5,1
Windy City Lights Inc.,(630) 293-3509,http://www.windycitylights.com/,"Chicago, IL",5,12
Lightology,(866) 954-4489,https://www.lightology.com/,"Chicago, IL",4.6,957
NiteLights Holiday Lighting,(708) 351-4526,https://nitelightsofchicago.com/,"Chicago, IL",5,13
Illuminight Holiday Lighting,(312) 685-4448,https://www.illuminightlights.com/,"Chicago, IL",1,1
Hangout Lighting,(224) 817-4101,http://www.hangoutlighting.com/,"Chicago, IL",4.7,65
GL LED US LIGHTING,(312) 600-9363,http://www.glledus.com/,"Chicago, IL",4.4,39
Ignite Christmas Lighting,(832) 377-4870,http://www.ignitechristmaslighting.com/,"Houston, TX",5,118
River Oaks Christmas Lights,(713) 489-5650,http://www.riveroakschristmaslights.com/,"Houston, TX",4.6,615
Bright Lights,(281) 377-1055,http://www.brightlightshouston.com/,"Houston, TX",4.2,37
Christmas Lights Houston,(713) 206-9913,N/A,"Houston, TX",4.7,3
Holy Christmas Lights,(832) 356-6005,https://www.holychristmaslights.com/,"Houston, TX",5,21
Christmas Lights of Houston,(832) 449-2669,https://christmaslightshoustontx.com/,"Houston, TX",5,7
Christmas Wonder Lights,(281) 545-7740,https://www.christmaswonderlights.com/?utm_source=google&utm_medium=wix_google_business_profile&utm_campaign=5585958011659850614,"Houston, TX",5,23
Astoria Lighting Co - Houston,(346) 231-0679,https://astorialightingco.com/houston-texas/,"Houston, TX",5,171
JellyFish Lighting Houston,(281) 698-5930,https://jellyfishlighting.com/,"Houston, TX",4.8,86
LIGHT,(713) 640-5568,http://thelightcompany.net/,"Houston, TX",4.5,49
Lighting Inc,(713) 623-6500,https://www.lightinginc.com/,"Houston, TX",4.3,55
Blingle Premier Lighting,(713) 575-2575,https://blingle.com/houston-tx?frlocid=b-120&utm_source=gbp&utm_medium=organic+search,"Houston, TX",5,7
Heights Lights & Things,(713) 861-0607,http://www.theheightslightsandthings.com/,"Houston, TX",4.7,17
Certified Christmas Lights,(713) 364-2383,http://www.certifiedchristmaslights.com/,"Houston, TX",5,5
Kingdom Lighting & Services,(832) 510-7229,http://www.kingdomls.com/,"Houston, TX",4.8,16
LBX Lighting - Chandelier and Light Bulb Express,(713) 529-0250,https://www.lbxlighting.com/,"Houston, TX",4.9,510
Majestic Landscape Lighting Design & Lighting Installation,(888) 885-2653,http://majesticlightdesign.com/,"Houston, TX",5,14
Lone Star Christmas Lighting,(346) 382-8132,http://www.christmaslightsofhouston.com/,"Houston, TX",5,4
Lighting Plus Inc,(713) 784-2440,https://lightingplus.com/,"Houston, TX",4.5,133
Cool Lights,(833) 260-4499,http://coollight.co/,"Houston, TX",5,3
Holiday Lights Phoenix,(480) 531-9780,http://holidaylightsphx.com/,"Phoenix, AZ",4.9,51
Holiday Light Co,(602) 478-9410,https://www.holidaylightco.com/,"Phoenix, AZ",5,160
Holiday Lights Decorating,(602) 692-4668,http://holidaylightsdecorating.com/,"Phoenix, AZ",4.2,9
Valley Christmas Lights,(602) 932-0765,https://valleychristmaslights.com/?utm_source=gmb&utm_medium=organic&utm_campaign=Phoenix,"Phoenix, AZ",4.7,27
Stay Off the Roof,(480) 567-7088,https://stayofftheroof.com/?utm_source=GMB&utm_medium=Organic&utm_campaign=Phoenix,"Phoenix, AZ",4.9,222
H&B Holiday Lighting,(602) 698-9298,https://handbholidaylighting.com/?utm_campaign=gmb&utm_medium=organic&utm_source=google,"Phoenix, AZ",5,34
Magic Touch Holiday Lighting,(602) 919-9730,http://www.magictouchlighting.com/,"Phoenix, AZ",5,4
Arizona Event & Holiday Lighting,(602) 793-5791,https://azeventandholidaylighting.com/,"Phoenix, AZ",5,4
Cox Family Lights,(480) 204-6397,N/A,"Phoenix, AZ",4.8,20
Glendale Glitters,(623) 930-2299,http://www.glendaleaz.com/,"Phoenix, AZ",4.2,4157
Custom Holiday Lights,(480) 675-0151,https://customholidaylights.com/,"Phoenix, AZ",5,1
HLC Productions,(602) 431-2253,http://www.hlcaz.com/,"Phoenix, AZ",4.3,6
The Festival of Lights,(480) 270-4365,http://www.folaz.org/,"Phoenix, AZ",4.3,14
"City Lights, Inc",(602) 233-2552,https://www.citylightsusa.com/,"Phoenix, AZ",4.8,173
AZ Christmas Light Tour Blasian,(602) 466-3351,https://www.azchristmaslighttour.com/,"Phoenix, AZ",4.8,4
Phoenix Winter Wonderland,(623) 937-3482,http://phoenixwinterwonderland.com/,"Phoenix, AZ",4.7,124
Desert Christmas Lighting,(602) 691-7931,https://desertchristmaslighting.com/,"Phoenix, AZ",5,7
PHX LIGHT,(623) 400-2034,https://phxlight.com/,"Phoenix, AZ",0,0
Spirit Lighting,(602) 535-2600,http://spiritlightingaz.com/,"Phoenix, AZ",5,1
Level 5 Lighting,(602) 643-5922,https://level5lighting.com/,"Phoenix, AZ",5,185
"Holiday Helpers, LLC",(480) 313-3094,http://holidayhelpers-az.com/,"Phoenix, AZ",0,0
Valor Christmas- Formally Lights at the Farm,(480) 719-6520,https://arizonachristmaslights.com/,"Phoenix, AZ",4.3,157
Dyker Heights Christmas Lights,(855) 395-3754,https://www.dykerheightschristmaslights.com/,"New York, NY",4.7,2177
Christmas Lights R Us Of Manhattan,(332) 230-9342,N/A,"New York, NY",5,1
House of Holiday,(833) 353-4357,http://www.houseofholiday.com/,"New York, NY",4.5,399
Christmas in New York - Little Italy,(212) 693-1600,https://christmasandcity.com/,"New York, NY",4.4,986
MR HOLIDAYS LIGHTING,(516) 581-9336,http://www.mrholidayslighting.com/,"New York, NY",4.7,44
Christmas Lights Pros of New York,(347) 486-3173,N/A,"New York, NY",5,5
Foundry Lighting,(212) 759-9332,https://www.foundrylighting.com/,"New York, NY",4.5,168
Christmas Cottage,(212) 333-7380,http://christmascottage.com/,"New York, NY",4.3,143
Thunder Lighting Supply,(631) 803-9627,https://thunderlightingsupply.com/,"New York, NY",5,62
Available Light of New York,(718) 707-9670,http://www.alny.net/,"New York, NY",4.5,27
Lendy Electric's Lighting Showroom,(212) 431-3880,N/A,"New York, NY",4.2,12
Riverhead Holiday Light Show,(631) 210-6711,http://riverheadlightshow.com/,"New York, NY",4.1,613
We Hang Christmas Lights,(646) 342-9036,https://www.wehangchristmaslightsny.com/,"New York, NY",5,1
Luxury Lighting NY Inc.,(718) 384-4490,https://www.luxurylightingny.com/,"New York, NY",4.8,101
Holiday Lights of Long Island,(631) 260-1420,https://holidaylightslongisland.com/,"New York, NY",5,11
Holly Jolly Holiday Hangers,(516) 815-9688,https://www.hollyjollyholidayhangers.com/,"New York, NY",5,40
The Long Island Holiday Lighting Co | Christmas Light Installations,(631) 203-6848,https://www.theliholidaylightingcompany.com/,"New York, NY",5,25
Visual Comfort & Co.,(212) 725-2500,https://www.visualcomfort.com/manhattan/,"New York, NY",4.7,54
Hi-Light Lighting & Vanities,(914) 779-6628,https://hilight.com/,"New York, NY",4.8,266
Blinky's Christmas Lights | Professional Christmas Lights Installation,(516) 214-5488,http://www.blinkyschristmaslights.com/,"New York, NY",5,81
Lighting New York,(866) 344-3875,https://www.lightingnewyork.com/,"New York, NY",4.9,1877
EAST COAST CHRISTMAS LIGHTS,(844) 768-8873,http://eastcoastchristmaslights.com/,"New York, NY",5,6
Event Cruises NYC,(917) 671-9710,https://eventcruisesnyc.com/?utm_medium=organic&utm_source=gbp&utm_campaign=weblink,"New York, NY",4.3,929
Rockefeller Center,(212) 588-8601,https://www.rockefellercenter.com/,"New York, NY",4.7,178832
Tribeca Lighting Inc,(212) 226-0064,http://www.tribecalighting.com/,"New York, NY",4.3,15
Just Bulbs-The Light Bulb Store,(212) 888-5707,http://www.justbulbsnyc.com/,"New York, NY",4.2,118
North Star Christmas Light Installation,(516) 990-6887,https://northstarholidaylights.com/,"New York, NY",5,4
Canal Lighting & Parts,(212) 343-0218,N/A,"New York, NY",4.6,94
Times Lighting,(212) 925-8889,https://timeslightinginc.com/,"New York, NY",4.6,5
Manhattan Lights Inc,(908) 688-8600,http://www.manhattanlights.com/,"New York, NY",3.5,41
Chelsea Lighting,(212) 356-5100,http://www.chelsealighting.com/,"New York, NY",4,1
Union Square Holiday Market,(212) 529-9262,http://www.usqholiday.nyc/,"New York, NY",4.5,2813
